contrast,dataset,sample,role,module,raw_module_score,z_vs_control
GSE36761_TOF_RV_vs_healthy_RV,GSE36761,TOF-04,case,arterial_maturation,8.095809406862283,-0.23447486454025893
GSE36761_TOF_RV_vs_healthy_RV,GSE36761,TOF-05,case,arterial_maturation,8.264247745280532,0.14219231502025567
GSE36761_TOF_RV_vs_healthy_RV,GSE36761,TOF-18,case,arterial_maturation,4.7716711830428045,-7.668018682375339
GSE36761_TOF_RV_vs_healthy_RV,GSE36761,TOF-19,case,arterial_maturation,6.19987823524572,-4.474216563252631
GSE36761_TOF_RV_vs_healthy_RV,GSE36761,TOF-07,case,arterial_maturation,8.609387525793222,0.9140048898809802
GSE36761_TOF_RV_vs_healthy_RV,GSE36761,TOF-08,case,arterial_maturation,7.667685837595762,-1.1918584320424344
GSE36761_TOF_RV_vs_healthy_RV,GSE36761,TOF-09,case,arterial_maturation,7.6534571323496055,-1.2236771161033022
GSE36761_TOF_RV_vs_healthy_RV,GSE36761,TOF-13,case,arterial_maturation,8.182837780445725,-0.039859242424490245
GSE36761_TOF_RV_vs_healthy_RV,GSE36761,TOF-14,case,arterial_maturation,7.636798638539284,-1.2609293707751528
GSE36761_TOF_RV_vs_healthy_RV,GSE36761,TOF-15,case,arterial_maturation,7.481268573620654,-1.6087306578211988
GSE36761_TOF_RV_vs_healthy_RV,GSE36761,TOF-01,case,arterial_maturation,8.10250773794885,-0.2194958431260576
GSE36761_TOF_RV_vs_healthy_RV,GSE36761,TOF-03,case,arterial_maturation,8.048339528848782,-0.3406285183540878
GSE36761_TOF_RV_vs_healthy_RV,GSE36761,TOF-06,case,arterial_maturation,7.507864676610375,-1.5492556048462405
GSE36761_TOF_RV_vs_healthy_RV,GSE36761,TOF-10,case,arterial_maturation,7.5967167731522975,-1.350561715338847
GSE36761_TOF_RV_vs_healthy_RV,GSE36761,TOF-02,case,arterial_maturation,8.927344214758522,1.6250297692500366
GSE36761_TOF_RV_vs_healthy_RV,GSE36761,TOF-11,case,arterial_maturation,6.757784269652932,-3.2266093117601207
GSE36761_TOF_RV_vs_healthy_RV,GSE36761,TOF-12,case,arterial_maturation,8.238140873222518,0.08381129584384053
GSE36761_TOF_RV_vs_healthy_RV,GSE36761,TOF-21,case,arterial_maturation,8.11764839294918,-0.18563782796615916
GSE36761_TOF_RV_vs_healthy_RV,GSE36761,TOF-16,case,arterial_maturation,8.852142271175222,1.4568607867428933
GSE36761_TOF_RV_vs_healthy_RV,GSE36761,TOF-17,case,arterial_maturation,7.896327300374273,-0.6805631074499783
GSE36761_TOF_RV_vs_healthy_RV,GSE36761,TOF-20,case,arterial_maturation,7.495681005718865,-1.576501117919419
GSE36761_TOF_RV_vs_healthy_RV,GSE36761,TOF-22,case,arterial_maturation,7.99703034835329,-0.4553677427152836
GSE36761_TOF_RV_vs_healthy_RV,GSE36761,NH-06,control,arterial_maturation,7.950040762236816,-0.5604473524847569
GSE36761_TOF_RV_vs_healthy_RV,GSE36761,NH-02,control,arterial_maturation,7.7056001801770275,-1.1070731710437474
GSE36761_TOF_RV_vs_healthy_RV,GSE36761,NH-04,control,arterial_maturation,8.65714884312631,1.0208102695878112
GSE36761_TOF_RV_vs_healthy_RV,GSE36761,NH-08,control,arterial_maturation,8.489858491173257,0.646710253940687
GSE36761_TOF_RV_vs_healthy_RV,GSE36761,TOF-04,case,ecm_integrin,11.063876381289157,0.2531212840375531
GSE36761_TOF_RV_vs_healthy_RV,GSE36761,TOF-05,case,ecm_integrin,10.474955246428188,-0.6757645703196081
GSE36761_TOF_RV_vs_healthy_RV,GSE36761,TOF-18,case,ecm_integrin,7.901245530709917,-4.7351918970646
GSE36761_TOF_RV_vs_healthy_RV,GSE36761,TOF-19,case,ecm_integrin,8.613237694996988,-3.6121901729448984
GSE36761_TOF_RV_vs_healthy_RV,GSE36761,TOF-07,case,ecm_integrin,12.729992450545472,2.881031129410494
GSE36761_TOF_RV_vs_healthy_RV,GSE36761,TOF-08,case,ecm_integrin,11.04107249044629,0.21715346020789014
GSE36761_TOF_RV_vs_healthy_RV,GSE36761,TOF-09,case,ecm_integrin,12.125155223584324,1.9270413486812692
GSE36761_TOF_RV_vs_healthy_RV,GSE36761,TOF-13,case,ecm_integrin,11.77852779981741,1.3803173620385356
GSE36761_TOF_RV_vs_healthy_RV,GSE36761,TOF-14,case,ecm_integrin,10.368984393066293,-0.8429088971831
GSE36761_TOF_RV_vs_healthy_RV,GSE36761,TOF-15,case,ecm_integrin,10.818836634465342,-0.13337181513375893
GSE36761_TOF_RV_vs_healthy_RV,GSE36761,TOF-01,case,ecm_integrin,10.627263337901523,-0.4355340482699673
GSE36761_TOF_RV_vs_healthy_RV,GSE36761,TOF-03,case,ecm_integrin,11.814183338783257,1.4365556659714989
GSE36761_TOF_RV_vs_healthy_RV,GSE36761,TOF-06,case,ecm_integrin,10.889975541574096,-0.0211667666201758
GSE36761_TOF_RV_vs_healthy_RV,GSE36761,TOF-10,case,ecm_integrin,12.0267359949101,1.7718079500126822
GSE36761_TOF_RV_vs_healthy_RV,GSE36761,TOF-02,case,ecm_integrin,12.021727224340017,1.7639077816287296
GSE36761_TOF_RV_vs_healthy_RV,GSE36761,TOF-11,case,ecm_integrin,9.605777305004024,-2.0466902289798017
GSE36761_TOF_RV_vs_healthy_RV,GSE36761,TOF-12,case,ecm_integrin,11.41627478464111,0.8089476461682918
GSE36761_TOF_RV_vs_healthy_RV,GSE36761,TOF-21,case,ecm_integrin,10.834590648942845,-0.10852352844262982
GSE36761_TOF_RV_vs_healthy_RV,GSE36761,TOF-16,case,ecm_integrin,11.411851245862342,0.8019705445589767
GSE36761_TOF_RV_vs_healthy_RV,GSE36761,TOF-17,case,ecm_integrin,11.584188205094415,1.0737919381847816
GSE36761_TOF_RV_vs_healthy_RV,GSE36761,TOF-20,case,ecm_integrin,10.841937684405162,-0.09693529207543326
GSE36761_TOF_RV_vs_healthy_RV,GSE36761,TOF-22,case,ecm_integrin,10.809771485698151,-0.14766997486863434
GSE36761_TOF_RV_vs_healthy_RV,GSE36761,NH-06,control,ecm_integrin,10.242614357570874,-1.0422281802548803
GSE36761_TOF_RV_vs_healthy_RV,GSE36761,NH-02,control,ecm_integrin,10.669317630496677,-0.36920320158392095
GSE36761_TOF_RV_vs_healthy_RV,GSE36761,NH-04,control,ecm_integrin,10.954536839210107,0.08066363572595638
GSE36761_TOF_RV_vs_healthy_RV,GSE36761,NH-08,control,ecm_integrin,11.747112943076933,1.330767746112842
GSE36761_TOF_RV_vs_healthy_RV,GSE36761,TOF-04,case,tgfb_endmt,8.181476576133644,-0.6245306350582462
GSE36761_TOF_RV_vs_healthy_RV,GSE36761,TOF-05,case,tgfb_endmt,8.122594258000284,-0.779787619195519
GSE36761_TOF_RV_vs_healthy_RV,GSE36761,TOF-18,case,tgfb_endmt,5.9033456454525846,-6.631354907266896
GSE36761_TOF_RV_vs_healthy_RV,GSE36761,TOF-19,case,tgfb_endmt,6.147377104371965,-5.9879089705659725
GSE36761_TOF_RV_vs_healthy_RV,GSE36761,TOF-07,case,tgfb_endmt,9.153476007779428,1.938372883765152
GSE36761_TOF_RV_vs_healthy_RV,GSE36761,TOF-08,case,tgfb_endmt,7.875458501452219,-1.431418761624967
GSE36761_TOF_RV_vs_healthy_RV,GSE36761,TOF-09,case,tgfb_endmt,9.048321187805573,1.6611076412578445
GSE36761_TOF_RV_vs_healthy_RV,GSE36761,TOF-13,case,tgfb_endmt,8.734080194263676,0.8325378685950737
GSE36761_TOF_RV_vs_healthy_RV,GSE36761,TOF-14,case,tgfb_endmt,7.616112989443217,-2.11524377600126
GSE36761_TOF_RV_vs_healthy_RV,GSE36761,TOF-15,case,tgfb_endmt,8.156497376244308,-0.6903941296339309
GSE36761_TOF_RV_vs_healthy_RV,GSE36761,TOF-01,case,tgfb_endmt,8.075666901350749,-0.9035225552155254
GSE36761_TOF_RV_vs_healthy_RV,GSE36761,TOF-03,case,tgfb_endmt,8.36354303733173,-0.14446988720963527
GSE36761_TOF_RV_vs_healthy_RV,GSE36761,TOF-06,case,tgfb_endmt,8.179111526087496,-0.6307666418789525
GSE36761_TOF_RV_vs_healthy_RV,GSE36761,TOF-10,case,tgfb_endmt,8.847053359836721,1.130418005304135
GSE36761_TOF_RV_vs_healthy_RV,GSE36761,TOF-02,case,tgfb_endmt,9.126288986499393,1.8666879524407058
GSE36761_TOF_RV_vs_healthy_RV,GSE36761,TOF-11,case,tgfb_endmt,7.375806083183726,-2.748869059718971
GSE36761_TOF_RV_vs_healthy_RV,GSE36761,TOF-12,case,tgfb_endmt,8.357322433505459,-0.16087196206328344
GSE36761_TOF_RV_vs_healthy_RV,GSE36761,TOF-21,case,tgfb_endmt,7.859045665619134,-1.4746950366318996
GSE36761_TOF_RV_vs_healthy_RV,GSE36761,TOF-16,case,tgfb_endmt,8.256825660267019,-0.42585517643316223
GSE36761_TOF_RV_vs_healthy_RV,GSE36761,TOF-17,case,tgfb_endmt,8.230133589669796,-0.496235054683168
GSE36761_TOF_RV_vs_healthy_RV,GSE36761,TOF-20,case,tgfb_endmt,8.156293589508914,-0.6909314609576198
GSE36761_TOF_RV_vs_healthy_RV,GSE36761,TOF-22,case,tgfb_endmt,7.964124141445002,-1.19763109330147
GSE36761_TOF_RV_vs_healthy_RV,GSE36761,NH-06,control,tgfb_endmt,8.034248753570056,-1.0127311753384314
GSE36761_TOF_RV_vs_healthy_RV,GSE36761,NH-02,control,tgfb_endmt,8.282745915802098,-0.3575103688573247
GSE36761_TOF_RV_vs_healthy_RV,GSE36761,NH-04,control,tgfb_endmt,8.42266039275284,0.01140682763139789
GSE36761_TOF_RV_vs_healthy_RV,GSE36761,NH-08,control,tgfb_endmt,8.933682026071203,1.3588347165643535
GSE36761_TOF_RV_vs_healthy_RV,GSE36761,TOF-04,case,AMA,0.20196140518698402,0.20196140518698402
GSE36761_TOF_RV_vs_healthy_RV,GSE36761,TOF-05,case,AMA,0.4377866248316238,0.4377866248316238
GSE36761_TOF_RV_vs_healthy_RV,GSE36761,TOF-18,case,AMA,6.3448551622356115,6.3448551622356115
GSE36761_TOF_RV_vs_healthy_RV,GSE36761,TOF-19,case,AMA,4.691438568921168,4.691438568921168
GSE36761_TOF_RV_vs_healthy_RV,GSE36761,TOF-07,case,AMA,-1.9111363010188753,-1.9111363010188753
GSE36761_TOF_RV_vs_healthy_RV,GSE36761,TOF-08,case,AMA,0.8020412444865036,0.8020412444865036
GSE36761_TOF_RV_vs_healthy_RV,GSE36761,TOF-09,case,AMA,-0.7881572912786039,-0.7881572912786039
GSE36761_TOF_RV_vs_healthy_RV,GSE36761,TOF-13,case,AMA,-0.7243319960697064,-0.7243319960697064
GSE36761_TOF_RV_vs_healthy_RV,GSE36761,TOF-14,case,AMA,1.4063606813198375,1.4063606813198375
GSE36761_TOF_RV_vs_healthy_RV,GSE36761,TOF-15,case,AMA,0.8108322008629628,0.8108322008629628
GSE36761_TOF_RV_vs_healthy_RV,GSE36761,TOF-01,case,AMA,0.5195174822038501,0.5195174822038501
GSE36761_TOF_RV_vs_healthy_RV,GSE36761,TOF-03,case,AMA,-0.31715242013592526,-0.31715242013592526
GSE36761_TOF_RV_vs_healthy_RV,GSE36761,TOF-06,case,AMA,0.7337296711151229,0.7337296711151229
GSE36761_TOF_RV_vs_healthy_RV,GSE36761,TOF-10,case,AMA,-0.5172214133259901,-0.5172214133259901
GSE36761_TOF_RV_vs_healthy_RV,GSE36761,TOF-02,case,AMA,-1.7518751677731572,-1.7518751677731572
GSE36761_TOF_RV_vs_healthy_RV,GSE36761,TOF-11,case,AMA,2.6740562001529646,2.6740562001529646
GSE36761_TOF_RV_vs_healthy_RV,GSE36761,TOF-12,case,AMA,-0.24396232664961628,-0.24396232664961628
GSE36761_TOF_RV_vs_healthy_RV,GSE36761,TOF-21,case,AMA,0.5896187976802295,0.5896187976802295
GSE36761_TOF_RV_vs_healthy_RV,GSE36761,TOF-16,case,AMA,-0.6109920516229027,-0.6109920516229027
GSE36761_TOF_RV_vs_healthy_RV,GSE36761,TOF-17,case,AMA,0.034335407982788224,0.034335407982788224
GSE36761_TOF_RV_vs_healthy_RV,GSE36761,TOF-20,case,AMA,0.788122623650824,0.788122623650824
GSE36761_TOF_RV_vs_healthy_RV,GSE36761,TOF-22,case,AMA,0.600222936961796,0.600222936961796
GSE36761_TOF_RV_vs_healthy_RV,GSE36761,NH-06,control,AMA,0.8718022360260228,0.8718022360260228
GSE36761_TOF_RV_vs_healthy_RV,GSE36761,NH-02,control,AMA,0.6112622471616643,0.6112622471616643
GSE36761_TOF_RV_vs_healthy_RV,GSE36761,NH-04,control,AMA,-0.3709602443150552,-0.3709602443150552
GSE36761_TOF_RV_vs_healthy_RV,GSE36761,NH-08,control,AMA,-1.1121042388726277,-1.1121042388726277
GSE36761_TOF_RV_vs_all_healthy_ventricle_sensitivity,GSE36761,TOF-04,case,arterial_maturation,8.095809406862283,-0.18045228373104988
GSE36761_TOF_RV_vs_all_healthy_ventricle_sensitivity,GSE36761,TOF-05,case,arterial_maturation,8.264247745280532,0.13751585124242338
GSE36761_TOF_RV_vs_all_healthy_ventricle_sensitivity,GSE36761,TOF-18,case,arterial_maturation,4.7716711830428045,-6.455567802843796
GSE36761_TOF_RV_vs_all_healthy_ventricle_sensitivity,GSE36761,TOF-19,case,arterial_maturation,6.19987823524572,-3.7594812882802904
GSE36761_TOF_RV_vs_all_healthy_ventricle_sensitivity,GSE36761,TOF-07,case,arterial_maturation,8.609387525793222,0.7890507294972234
GSE36761_TOF_RV_vs_all_healthy_ventricle_sensitivity,GSE36761,TOF-08,case,arterial_maturation,7.667685837595762,-0.9886391498341796
GSE36761_TOF_RV_vs_all_healthy_ventricle_sensitivity,GSE36761,TOF-09,case,arterial_maturation,7.6534571323496055,-1.0154992751043157
GSE36761_TOF_RV_vs_all_healthy_ventricle_sensitivity,GSE36761,TOF-13,case,arterial_maturation,8.182837780445725,-0.016165163008041845
GSE36761_TOF_RV_vs_all_healthy_ventricle_sensitivity,GSE36761,TOF-14,case,arterial_maturation,7.636798638539284,-1.0469462144298647
GSE36761_TOF_RV_vs_all_healthy_ventricle_sensitivity,GSE36761,TOF-15,case,arterial_maturation,7.481268573620654,-1.3405468586708578
GSE36761_TOF_RV_vs_all_healthy_ventricle_sensitivity,GSE36761,TOF-01,case,arterial_maturation,8.10250773794885,-0.167807562445913
GSE36761_TOF_RV_vs_all_healthy_ventricle_sensitivity,GSE36761,TOF-03,case,arterial_maturation,8.048339528848782,-0.27006316876538067
GSE36761_TOF_RV_vs_all_healthy_ventricle_sensitivity,GSE36761,TOF-06,case,arterial_maturation,7.507864676610375,-1.2903402765790464
GSE36761_TOF_RV_vs_all_healthy_ventricle_sensitivity,GSE36761,TOF-10,case,arterial_maturation,7.5967167731522975,-1.1226104373320853
GSE36761_TOF_RV_vs_all_healthy_ventricle_sensitivity,GSE36761,TOF-02,case,arterial_maturation,8.927344214758522,1.3892709426745586
GSE36761_TOF_RV_vs_all_healthy_ventricle_sensitivity,GSE36761,TOF-11,case,arterial_maturation,6.757784269652932,-2.7062986048319653
GSE36761_TOF_RV_vs_all_healthy_ventricle_sensitivity,GSE36761,TOF-12,case,arterial_maturation,8.238140873222518,0.08823281095461684
GSE36761_TOF_RV_vs_all_healthy_ventricle_sensitivity,GSE36761,TOF-21,case,arterial_maturation,8.11764839294918,-0.1392259112734968
GSE36761_TOF_RV_vs_all_healthy_ventricle_sensitivity,GSE36761,TOF-16,case,arterial_maturation,8.852142271175222,1.2473090712139945
GSE36761_TOF_RV_vs_all_healthy_ventricle_sensitivity,GSE36761,TOF-17,case,arterial_maturation,7.896327300374273,-0.557023045210971
GSE36761_TOF_RV_vs_all_healthy_ventricle_sensitivity,GSE36761,TOF-20,case,arterial_maturation,7.495681005718865,-1.3133399044956118
GSE36761_TOF_RV_vs_all_healthy_ventricle_sensitivity,GSE36761,TOF-22,case,arterial_maturation,7.99703034835329,-0.3669216665538002
GSE36761_TOF_RV_vs_all_healthy_ventricle_sensitivity,GSE36761,NH-03,control,arterial_maturation,9.170845779902661,1.8489390874632374
GSE36761_TOF_RV_vs_all_healthy_ventricle_sensitivity,GSE36761,NH-05,control,arterial_maturation,8.043271749409355,-0.2796298291346508
GSE36761_TOF_RV_vs_all_healthy_ventricle_sensitivity,GSE36761,NH-06,control,arterial_maturation,7.950040762236816,-0.4556258843758148
GSE36761_TOF_RV_vs_all_healthy_ventricle_sensitivity,GSE36761,NH-07,control,arterial_maturation,7.703423111574745,-0.9211763948412098
GSE36761_TOF_RV_vs_all_healthy_ventricle_sensitivity,GSE36761,NH-01,control,arterial_maturation,7.811019138916012,-0.7180628491631134
GSE36761_TOF_RV_vs_all_healthy_ventricle_sensitivity,GSE36761,NH-02,control,arterial_maturation,7.7056001801770275,-0.9170666508857797
GSE36761_TOF_RV_vs_all_healthy_ventricle_sensitivity,GSE36761,NH-04,control,arterial_maturation,8.65714884312631,0.879211776791387
GSE36761_TOF_RV_vs_all_healthy_ventricle_sensitivity,GSE36761,NH-08,control,arterial_maturation,8.489858491173257,0.5634107441459274
GSE36761_TOF_RV_vs_all_healthy_ventricle_sensitivity,GSE36761,TOF-04,case,ecm_integrin,11.063876381289157,0.2128807564105664
GSE36761_TOF_RV_vs_all_healthy_ventricle_sensitivity,GSE36761,TOF-05,case,ecm_integrin,10.474955246428188,-0.9739092566731973
GSE36761_TOF_RV_vs_all_healthy_ventricle_sensitivity,GSE36761,TOF-18,case,ecm_integrin,7.901245530709917,-6.160432216003194
GSE36761_TOF_RV_vs_all_healthy_ventricle_sensitivity,GSE36761,TOF-19,case,ecm_integrin,8.613237694996988,-4.725630270630202
GSE36761_TOF_RV_vs_all_healthy_ventricle_sensitivity,GSE36761,TOF-07,case,ecm_integrin,12.729992450545472,3.570426944829449
GSE36761_TOF_RV_vs_all_healthy_ventricle_sensitivity,GSE36761,TOF-08,case,ecm_integrin,11.04107249044629,0.1669265049671085
GSE36761_TOF_RV_vs_all_healthy_ventricle_sensitivity,GSE36761,TOF-09,case,ecm_integrin,12.125155223584324,2.3515629272080947
GSE36761_TOF_RV_vs_all_healthy_ventricle_sensitivity,GSE36761,TOF-13,case,ecm_integrin,11.77852779981741,1.6530416135102197
GSE36761_TOF_RV_vs_all_healthy_ventricle_sensitivity,GSE36761,TOF-14,case,ecm_integrin,10.368984393066293,-1.1874610261771905
GSE36761_TOF_RV_vs_all_healthy_ventricle_sensitivity,GSE36761,TOF-15,case,ecm_integrin,10.818836634465342,-0.28092173618928173
GSE36761_TOF_RV_vs_all_healthy_ventricle_sensitivity,GSE36761,TOF-01,case,ecm_integrin,10.627263337901523,-0.6669789884717083
GSE36761_TOF_RV_vs_all_healthy_ventricle_sensitivity,GSE36761,TOF-03,case,ecm_integrin,11.814183338783257,1.7248944220628917
GSE36761_TOF_RV_vs_all_healthy_ventricle_sensitivity,GSE36761,TOF-06,case,ecm_integrin,10.889975541574096,-0.13756307659847966
GSE36761_TOF_RV_vs_all_healthy_ventricle_sensitivity,GSE36761,TOF-10,case,ecm_integrin,12.0267359949101,2.1532291423057224
GSE36761_TOF_RV_vs_all_healthy_ventricle_sensitivity,GSE36761,TOF-02,case,ecm_integrin,12.021727224340017,2.143135500664206
GSE36761_TOF_RV_vs_all_healthy_ventricle_sensitivity,GSE36761,TOF-11,case,ecm_integrin,9.605777305004024,-2.7254709504446777
GSE36761_TOF_RV_vs_all_healthy_ventricle_sensitivity,GSE36761,TOF-12,case,ecm_integrin,11.41627478464111,0.9230317103638407
GSE36761_TOF_RV_vs_all_healthy_ventricle_sensitivity,GSE36761,TOF-21,case,ecm_integrin,10.834590648942845,-0.2491743494151741
GSE36761_TOF_RV_vs_all_healthy_ventricle_sensitivity,GSE36761,TOF-16,case,ecm_integrin,11.411851245862342,0.9141174239944606
GSE36761_TOF_RV_vs_all_healthy_ventricle_sensitivity,GSE36761,TOF-17,case,ecm_integrin,11.584188205094415,1.2614097352988123
GSE36761_TOF_RV_vs_all_healthy_ventricle_sensitivity,GSE36761,TOF-20,case,ecm_integrin,10.841937684405162,-0.23436865168026716
GSE36761_TOF_RV_vs_all_healthy_ventricle_sensitivity,GSE36761,TOF-22,case,ecm_integrin,10.809771485698151,-0.29918976460120106
GSE36761_TOF_RV_vs_all_healthy_ventricle_sensitivity,GSE36761,NH-03,control,ecm_integrin,10.976216844928098,0.03622983297339379
GSE36761_TOF_RV_vs_all_healthy_ventricle_sensitivity,GSE36761,NH-05,control,ecm_integrin,11.205475094139778,0.4982295549662595
GSE36761_TOF_RV_vs_all_healthy_ventricle_sensitivity,GSE36761,NH-06,control,ecm_integrin,10.242614357570874,-1.4421210938862739
GSE36761_TOF_RV_vs_all_healthy_ventricle_sensitivity,GSE36761,NH-07,control,ecm_integrin,11.406104644538678,0.902536910651686
GSE36761_TOF_RV_vs_all_healthy_ventricle_sensitivity,GSE36761,NH-01,control,ecm_integrin,10.464529685553364,-0.9949187786526699
GSE36761_TOF_RV_vs_all_healthy_ventricle_sensitivity,GSE36761,NH-02,control,ecm_integrin,10.669317630496677,-0.5822314535220358
GSE36761_TOF_RV_vs_all_healthy_ventricle_sensitivity,GSE36761,NH-04,control,ecm_integrin,10.954536839210107,-0.0074595725287286046
GSE36761_TOF_RV_vs_all_healthy_ventricle_sensitivity,GSE36761,NH-08,control,ecm_integrin,11.747112943076933,1.5897345999983759
GSE36761_TOF_RV_vs_all_healthy_ventricle_sensitivity,GSE36761,TOF-04,case,tgfb_endmt,8.181476576133644,-0.8879525233094517
GSE36761_TOF_RV_vs_all_healthy_ventricle_sensitivity,GSE36761,TOF-05,case,tgfb_endmt,8.122594258000284,-1.0817525763187426
GSE36761_TOF_RV_vs_all_healthy_ventricle_sensitivity,GSE36761,TOF-18,case,tgfb_endmt,5.9033456454525846,-8.38599113870762
GSE36761_TOF_RV_vs_all_healthy_ventricle_sensitivity,GSE36761,TOF-19,case,tgfb_endmt,6.147377104371965,-7.582807582527005
GSE36761_TOF_RV_vs_all_healthy_ventricle_sensitivity,GSE36761,TOF-07,case,tgfb_endmt,9.153476007779428,2.3112004202162084
GSE36761_TOF_RV_vs_all_healthy_ventricle_sensitivity,GSE36761,TOF-08,case,tgfb_endmt,7.875458501452219,-1.8951533430995406
GSE36761_TOF_RV_vs_all_healthy_ventricle_sensitivity,GSE36761,TOF-09,case,tgfb_endmt,9.048321187805573,1.9651031480442824
GSE36761_TOF_RV_vs_all_healthy_ventricle_sensitivity,GSE36761,TOF-13,case,tgfb_endmt,8.734080194263676,0.9308381405392756
GSE36761_TOF_RV_vs_all_healthy_ventricle_sensitivity,GSE36761,TOF-14,case,tgfb_endmt,7.616112989443217,-2.748740218895289
GSE36761_TOF_RV_vs_all_healthy_ventricle_sensitivity,GSE36761,TOF-15,case,tgfb_endmt,8.156497376244308,-0.9701668520951962
GSE36761_TOF_RV_vs_all_healthy_ventricle_sensitivity,GSE36761,TOF-01,case,tgfb_endmt,8.075666901350749,-1.236205126669562
GSE36761_TOF_RV_vs_all_healthy_ventricle_sensitivity,GSE36761,TOF-03,case,tgfb_endmt,8.36354303733173,-0.28871507903137866
GSE36761_TOF_RV_vs_all_healthy_ventricle_sensitivity,GSE36761,TOF-06,case,tgfb_endmt,8.179111526087496,-0.8957366398123888
GSE36761_TOF_RV_vs_all_healthy_ventricle_sensitivity,GSE36761,TOF-10,case,tgfb_endmt,8.847053359836721,1.3026680237836183
GSE36761_TOF_RV_vs_all_healthy_ventricle_sensitivity,GSE36761,TOF-02,case,tgfb_endmt,9.126288986499393,2.2217194634151816
GSE36761_TOF_RV_vs_all_healthy_ventricle_sensitivity,GSE36761,TOF-11,case,tgfb_endmt,7.375806083183726,-3.539665111935508
GSE36761_TOF_RV_vs_all_healthy_ventricle_sensitivity,GSE36761,TOF-12,case,tgfb_endmt,8.357322433505459,-0.30918902417312416
GSE36761_TOF_RV_vs_all_healthy_ventricle_sensitivity,GSE36761,TOF-21,case,tgfb_endmt,7.859045665619134,-1.9491730990351108
GSE36761_TOF_RV_vs_all_healthy_ventricle_sensitivity,GSE36761,TOF-16,case,tgfb_endmt,8.256825660267019,-0.6399552133839723
GSE36761_TOF_RV_vs_all_healthy_ventricle_sensitivity,GSE36761,TOF-17,case,tgfb_endmt,8.230133589669796,-0.7278071332923154
GSE36761_TOF_RV_vs_all_healthy_ventricle_sensitivity,GSE36761,TOF-20,case,tgfb_endmt,8.156293589508914,-0.9708375777285266
GSE36761_TOF_RV_vs_all_healthy_ventricle_sensitivity,GSE36761,TOF-22,case,tgfb_endmt,7.964124141445002,-1.6033270992382505
GSE36761_TOF_RV_vs_all_healthy_ventricle_sensitivity,GSE36761,NH-03,control,tgfb_endmt,8.573364899887853,0.401874037955958
GSE36761_TOF_RV_vs_all_healthy_ventricle_sensitivity,GSE36761,NH-05,control,tgfb_endmt,8.688937762616979,0.7822603344433291
GSE36761_TOF_RV_vs_all_healthy_ventricle_sensitivity,GSE36761,NH-06,control,tgfb_endmt,8.034248753570056,-1.3725251543095274
GSE36761_TOF_RV_vs_all_healthy_ventricle_sensitivity,GSE36761,NH-07,control,tgfb_endmt,8.574869124994642,0.4068249114044753
GSE36761_TOF_RV_vs_all_healthy_ventricle_sensitivity,GSE36761,NH-01,control,tgfb_endmt,8.099598415050194,-1.157439059527967
GSE36761_TOF_RV_vs_all_healthy_ventricle_sensitivity,GSE36761,NH-02,control,tgfb_endmt,8.282745915802098,-0.5546435772942481
GSE36761_TOF_RV_vs_all_healthy_ventricle_sensitivity,GSE36761,NH-04,control,tgfb_endmt,8.42266039275284,-0.09414144508524525
GSE36761_TOF_RV_vs_all_healthy_ventricle_sensitivity,GSE36761,NH-08,control,tgfb_endmt,8.933682026071203,1.587789952413243
GSE36761_TOF_RV_vs_all_healthy_ventricle_sensitivity,GSE36761,TOF-04,case,AMA,0.2851746835433117,0.2851746835433117
GSE36761_TOF_RV_vs_all_healthy_ventricle_sensitivity,GSE36761,TOF-05,case,AMA,0.6393819939165054,0.6393819939165054
GSE36761_TOF_RV_vs_all_healthy_ventricle_sensitivity,GSE36761,TOF-18,case,AMA,7.00066371918487,7.00066371918487
GSE36761_TOF_RV_vs_all_healthy_ventricle_sensitivity,GSE36761,TOF-19,case,AMA,5.3559730471458336,5.3559730471458336
GSE36761_TOF_RV_vs_all_healthy_ventricle_sensitivity,GSE36761,TOF-07,case,AMA,-2.223559364847627,-2.223559364847627
GSE36761_TOF_RV_vs_all_healthy_ventricle_sensitivity,GSE36761,TOF-08,case,AMA,0.9056219959888706,0.9056219959888706
GSE36761_TOF_RV_vs_all_healthy_ventricle_sensitivity,GSE36761,TOF-09,case,AMA,-1.100388933382687,-1.100388933382687
GSE36761_TOF_RV_vs_all_healthy_ventricle_sensitivity,GSE36761,TOF-13,case,AMA,-0.8559048636804846,-0.8559048636804846
GSE36761_TOF_RV_vs_all_healthy_ventricle_sensitivity,GSE36761,TOF-14,case,AMA,1.661049153167448,1.661049153167448
GSE36761_TOF_RV_vs_all_healthy_ventricle_sensitivity,GSE36761,TOF-15,case,AMA,0.8638784823184452,0.8638784823184452
GSE36761_TOF_RV_vs_all_healthy_ventricle_sensitivity,GSE36761,TOF-01,case,AMA,0.6903305591957277,0.6903305591957277
GSE36761_TOF_RV_vs_all_healthy_ventricle_sensitivity,GSE36761,TOF-03,case,AMA,-0.38870539142204413,-0.38870539142204413
GSE36761_TOF_RV_vs_all_healthy_ventricle_sensitivity,GSE36761,TOF-06,case,AMA,0.7745466643299715,0.7745466643299715
GSE36761_TOF_RV_vs_all_healthy_ventricle_sensitivity,GSE36761,TOF-10,case,AMA,-0.7777622429190852,-0.7777622429190852
GSE36761_TOF_RV_vs_all_healthy_ventricle_sensitivity,GSE36761,TOF-02,case,AMA,-1.9180419689179822,-1.9180419689179822
GSE36761_TOF_RV_vs_all_healthy_ventricle_sensitivity,GSE36761,TOF-11,case,AMA,2.9904782224040503,2.9904782224040503
GSE36761_TOF_RV_vs_all_healthy_ventricle_sensitivity,GSE36761,TOF-12,case,AMA,-0.23402516571511112,-0.23402516571511112
GSE36761_TOF_RV_vs_all_healthy_ventricle_sensitivity,GSE36761,TOF-21,case,AMA,0.7791911199079272,0.7791911199079272
GSE36761_TOF_RV_vs_all_healthy_ventricle_sensitivity,GSE36761,TOF-16,case,AMA,-0.5071570939414943,-0.5071570939414943
GSE36761_TOF_RV_vs_all_healthy_ventricle_sensitivity,GSE36761,TOF-17,case,AMA,0.007806814401491373,0.007806814401491373
GSE36761_TOF_RV_vs_all_healthy_ventricle_sensitivity,GSE36761,TOF-20,case,AMA,0.8395153779681351,0.8395153779681351
GSE36761_TOF_RV_vs_all_healthy_ventricle_sensitivity,GSE36761,TOF-22,case,AMA,0.7564795101310838,0.7564795101310838
GSE36761_TOF_RV_vs_all_healthy_ventricle_sensitivity,GSE36761,NH-03,control,AMA,-0.7623476527975298,-0.7623476527975298
GSE36761_TOF_RV_vs_all_healthy_ventricle_sensitivity,GSE36761,NH-05,control,AMA,-0.33362002009164593,-0.33362002009164593
GSE36761_TOF_RV_vs_all_healthy_ventricle_sensitivity,GSE36761,NH-06,control,AMA,1.0900907108572053,1.0900907108572053
GSE36761_TOF_RV_vs_all_healthy_ventricle_sensitivity,GSE36761,NH-07,control,AMA,-0.12939514240498382,-0.12939514240498382
GSE36761_TOF_RV_vs_all_healthy_ventricle_sensitivity,GSE36761,NH-01,control,AMA,0.95680689578125,0.95680689578125
GSE36761_TOF_RV_vs_all_healthy_ventricle_sensitivity,GSE36761,NH-02,control,AMA,0.684647227234021,0.684647227234021
GSE36761_TOF_RV_vs_all_healthy_ventricle_sensitivity,GSE36761,NH-04,control,AMA,-0.25920358639247104,-0.25920358639247104
GSE36761_TOF_RV_vs_all_healthy_ventricle_sensitivity,GSE36761,NH-08,control,AMA,-1.2469784321858486,-1.2469784321858486
GSE217772_TOF_RV_vs_healthy_RV,GSE217772,treat1,case,arterial_maturation,3.9368428281084724,-2.040678508174249
GSE217772_TOF_RV_vs_healthy_RV,GSE217772,treat3,case,arterial_maturation,4.262940835680321,-0.967654456086182
GSE217772_TOF_RV_vs_healthy_RV,GSE217772,treat2,case,arterial_maturation,4.13378220994609,-1.3926503429958417
GSE217772_TOF_RV_vs_healthy_RV,GSE217772,treat5,case,arterial_maturation,4.2554256401979735,-0.9923831735927603
GSE217772_TOF_RV_vs_healthy_RV,GSE217772,treat4,case,arterial_maturation,4.552322614761316,-0.015444991508179903
GSE217772_TOF_RV_vs_healthy_RV,GSE217772,control4,control,arterial_maturation,4.96269259571757,1.3348756163966826
GSE217772_TOF_RV_vs_healthy_RV,GSE217772,control2,control,arterial_maturation,4.58461614756858,0.09081673540977694
GSE217772_TOF_RV_vs_healthy_RV,GSE217772,control3,control,arterial_maturation,4.433334525174526,-0.40697477419323336
GSE217772_TOF_RV_vs_healthy_RV,GSE217772,control1,control,arterial_maturation,4.136815879398685,-1.3826680670753055
GSE217772_TOF_RV_vs_healthy_RV,GSE217772,control5,control,arterial_maturation,4.6676230222269375,0.36395048946208514
GSE217772_TOF_RV_vs_healthy_RV,GSE217772,treat1,case,ecm_integrin,8.072981984085802,-1.9200298019762916
GSE217772_TOF_RV_vs_healthy_RV,GSE217772,treat3,case,ecm_integrin,9.506159410245901,0.7292652804036774
GSE217772_TOF_RV_vs_healthy_RV,GSE217772,treat2,case,ecm_integrin,7.9347719790823925,-2.175517419843878
GSE217772_TOF_RV_vs_healthy_RV,GSE217772,treat5,case,ecm_integrin,8.36732669115924,-1.3759199306231256
GSE217772_TOF_RV_vs_healthy_RV,GSE217772,treat4,case,ecm_integrin,8.847812130724549,-0.4877202639523021
GSE217772_TOF_RV_vs_healthy_RV,GSE217772,control4,control,ecm_integrin,9.871999831747859,1.4055383028010309
GSE217772_TOF_RV_vs_healthy_RV,GSE217772,control2,control,ecm_integrin,8.719644306085003,-0.7246444446845169
GSE217772_TOF_RV_vs_healthy_RV,GSE217772,control3,control,ecm_integrin,8.80386422891165,-0.5689600030303757
GSE217772_TOF_RV_vs_healthy_RV,GSE217772,control1,control,ecm_integrin,9.495023938875407,0.7086808440294071
GSE217772_TOF_RV_vs_healthy_RV,GSE217772,control5,control,ecm_integrin,8.667727702627664,-0.8206146991155518
GSE217772_TOF_RV_vs_healthy_RV,GSE217772,treat1,case,tgfb_endmt,5.160363875776825,-4.028172524556215
GSE217772_TOF_RV_vs_healthy_RV,GSE217772,treat3,case,tgfb_endmt,6.731960369204759,0.21406845749490305
GSE217772_TOF_RV_vs_healthy_RV,GSE217772,treat2,case,tgfb_endmt,5.210063100826366,-3.8940184397367243
GSE217772_TOF_RV_vs_healthy_RV,GSE217772,treat5,case,tgfb_endmt,5.407033223599878,-3.3623331562917014
GSE217772_TOF_RV_vs_healthy_RV,GSE217772,treat4,case,tgfb_endmt,6.129614586646505,-1.4118552289093074
GSE217772_TOF_RV_vs_healthy_RV,GSE217772,control4,control,tgfb_endmt,7.267267793256284,1.6590341988948138
GSE217772_TOF_RV_vs_healthy_RV,GSE217772,control2,control,tgfb_endmt,6.304490197467415,-0.939810091313239
GSE217772_TOF_RV_vs_healthy_RV,GSE217772,control3,control,tgfb_endmt,6.589549066024241,-0.17034514306102327
GSE217772_TOF_RV_vs_healthy_RV,GSE217772,control1,control,tgfb_endmt,6.663569994452733,0.02946098874313992
GSE217772_TOF_RV_vs_healthy_RV,GSE217772,control5,control,tgfb_endmt,6.438401779539522,-0.5783399532636844
GSE217772_TOF_RV_vs_healthy_RV,GSE217772,treat1,case,AMA,2.6629602782355852,2.6629602782355852
GSE217772_TOF_RV_vs_healthy_RV,GSE217772,treat3,case,AMA,0.008106906062533817,0.008106906062533817
GSE217772_TOF_RV_vs_healthy_RV,GSE217772,treat2,case,AMA,2.4873954008588144,2.4873954008588144
GSE217772_TOF_RV_vs_healthy_RV,GSE217772,treat5,case,AMA,1.9102120868358625,1.9102120868358625
GSE217772_TOF_RV_vs_healthy_RV,GSE217772,treat4,case,AMA,0.6383401614565964,0.6383401614565964
GSE217772_TOF_RV_vs_healthy_RV,GSE217772,control4,control,AMA,-1.4664827060308425,-1.4664827060308425
GSE217772_TOF_RV_vs_healthy_RV,GSE217772,control2,control,AMA,0.5245459335293263,0.5245459335293263
GSE217772_TOF_RV_vs_healthy_RV,GSE217772,control3,control,AMA,0.3820933067615441,0.3820933067615441
GSE217772_TOF_RV_vs_healthy_RV,GSE217772,control1,control,AMA,0.2148420781009195,0.2148420781009195
GSE217772_TOF_RV_vs_healthy_RV,GSE217772,control5,control,AMA,0.34500138763905036,0.34500138763905036
GSE132176_TOF_PRE_CPB_vs_ASD_PRE_CPB,GSE132176,GSM3852124,case,arterial_maturation,5.064069437500001,0.6142890846614399
GSE132176_TOF_PRE_CPB_vs_ASD_PRE_CPB,GSE132176,GSM3852126,case,arterial_maturation,5.0434020625,0.4945382916078252
GSE132176_TOF_PRE_CPB_vs_ASD_PRE_CPB,GSE132176,GSM3852128,case,arterial_maturation,5.1660331375,1.2050866067309143
GSE132176_TOF_PRE_CPB_vs_ASD_PRE_CPB,GSE132176,GSM3852130,case,arterial_maturation,5.1126034125,0.895504381538483
GSE132176_TOF_PRE_CPB_vs_ASD_PRE_CPB,GSE132176,GSM3852132,case,arterial_maturation,5.1891330875,1.3389322127645187
GSE132176_TOF_PRE_CPB_vs_ASD_PRE_CPB,GSE132176,GSM3852138,case,arterial_maturation,4.88164955,-0.44268724624056804
GSE132176_TOF_PRE_CPB_vs_ASD_PRE_CPB,GSE132176,GSM3852148,case,arterial_maturation,4.945439525,-0.07307571622670861
GSE132176_TOF_PRE_CPB_vs_ASD_PRE_CPB,GSE132176,GSM3852150,case,arterial_maturation,4.9404927875,-0.10173807604033049
GSE132176_TOF_PRE_CPB_vs_ASD_PRE_CPB,GSE132176,GSM3852158,case,arterial_maturation,5.0637685999999995,0.6125459736371615
GSE132176_TOF_PRE_CPB_vs_ASD_PRE_CPB,GSE132176,GSM3852160,case,arterial_maturation,4.958761325,0.0041133856743121
GSE132176_TOF_PRE_CPB_vs_ASD_PRE_CPB,GSE132176,GSM3852134,control,arterial_maturation,4.7945547374999995,-0.9473315403384255
GSE132176_TOF_PRE_CPB_vs_ASD_PRE_CPB,GSE132176,GSM3852136,control,arterial_maturation,4.9174639,-0.23517193211868564
GSE132176_TOF_PRE_CPB_vs_ASD_PRE_CPB,GSE132176,GSM3852140,control,arterial_maturation,4.612961049999999,-1.999520707644623
GSE132176_TOF_PRE_CPB_vs_ASD_PRE_CPB,GSE132176,GSM3852142,control,arterial_maturation,5.0519887625,0.5442913025593077
GSE132176_TOF_PRE_CPB_vs_ASD_PRE_CPB,GSE132176,GSM3852144,control,arterial_maturation,5.0349202875,0.4453932365269408
GSE132176_TOF_PRE_CPB_vs_ASD_PRE_CPB,GSE132176,GSM3852146,control,arterial_maturation,5.035350875,0.44788814430327467
GSE132176_TOF_PRE_CPB_vs_ASD_PRE_CPB,GSE132176,GSM3852152,control,arterial_maturation,4.8376561250000005,-0.6975937127315723
GSE132176_TOF_PRE_CPB_vs_ASD_PRE_CPB,GSE132176,GSM3852154,control,arterial_maturation,5.215228837500001,1.4901360670434909
GSE132176_TOF_PRE_CPB_vs_ASD_PRE_CPB,GSE132176,GSM3852156,control,arterial_maturation,4.9864798375,0.16471984170181728
GSE132176_TOF_PRE_CPB_vs_ASD_PRE_CPB,GSE132176,GSM3852162,control,arterial_maturation,5.0939096875,0.7871893006984546
GSE132176_TOF_PRE_CPB_vs_ASD_PRE_CPB,GSE132176,GSM3852124,case,ecm_integrin,7.958432982142859,2.215149684724984
GSE132176_TOF_PRE_CPB_vs_ASD_PRE_CPB,GSE132176,GSM3852126,case,ecm_integrin,7.672705488194445,1.028241534881352
GSE132176_TOF_PRE_CPB_vs_ASD_PRE_CPB,GSE132176,GSM3852128,case,ecm_integrin,8.126852311805555,2.914761304893207
GSE132176_TOF_PRE_CPB_vs_ASD_PRE_CPB,GSE132176,GSM3852130,case,ecm_integrin,8.006291025198413,2.413951349042456
GSE132176_TOF_PRE_CPB_vs_ASD_PRE_CPB,GSE132176,GSM3852132,case,ecm_integrin,7.461020959920635,0.14890686417111132
GSE132176_TOF_PRE_CPB_vs_ASD_PRE_CPB,GSE132176,GSM3852138,case,ecm_integrin,7.916991770238095,2.043003450320109
GSE132176_TOF_PRE_CPB_vs_ASD_PRE_CPB,GSE132176,GSM3852148,case,ecm_integrin,8.457240403769841,4.2871889755551615
GSE132176_TOF_PRE_CPB_vs_ASD_PRE_CPB,GSE132176,GSM3852150,case,ecm_integrin,8.042888814880952,2.565978072968123
GSE132176_TOF_PRE_CPB_vs_ASD_PRE_CPB,GSE132176,GSM3852158,case,ecm_integrin,8.30335325436508,3.6479438358568
GSE132176_TOF_PRE_CPB_vs_ASD_PRE_CPB,GSE132176,GSM3852160,case,ecm_integrin,7.685580726785713,1.0817251020522316
GSE132176_TOF_PRE_CPB_vs_ASD_PRE_CPB,GSE132176,GSM3852134,control,ecm_integrin,7.291330475595238,-0.5559851152933835
GSE132176_TOF_PRE_CPB_vs_ASD_PRE_CPB,GSE132176,GSM3852136,control,ecm_integrin,7.706755954960318,1.1696867138240925
GSE132176_TOF_PRE_CPB_vs_ASD_PRE_CPB,GSE132176,GSM3852140,control,ecm_integrin,7.2354151658730155,-0.7882565564950449
GSE132176_TOF_PRE_CPB_vs_ASD_PRE_CPB,GSE132176,GSM3852142,control,ecm_integrin,7.153928418353174,-1.1267514048522425
GSE132176_TOF_PRE_CPB_vs_ASD_PRE_CPB,GSE132176,GSM3852144,control,ecm_integrin,7.397984937996032,-0.11294391932241218
GSE132176_TOF_PRE_CPB_vs_ASD_PRE_CPB,GSE132176,GSM3852146,control,ecm_integrin,7.768956362400793,1.4280663660392312
GSE132176_TOF_PRE_CPB_vs_ASD_PRE_CPB,GSE132176,GSM3852152,control,ecm_integrin,7.576084847420635,0.6268806983975708
GSE132176_TOF_PRE_CPB_vs_ASD_PRE_CPB,GSE132176,GSM3852154,control,ecm_integrin,7.600224382043649,0.7271559991100075
GSE132176_TOF_PRE_CPB_vs_ASD_PRE_CPB,GSE132176,GSM3852156,control,ecm_integrin,7.050497973015872,-1.5564000774961277
GSE132176_TOF_PRE_CPB_vs_ASD_PRE_CPB,GSE132176,GSM3852162,control,ecm_integrin,7.470563704464286,0.18854729608831614
GSE132176_TOF_PRE_CPB_vs_ASD_PRE_CPB,GSE132176,GSM3852124,case,tgfb_endmt,5.651523821031746,-0.8816396266161585
GSE132176_TOF_PRE_CPB_vs_ASD_PRE_CPB,GSE132176,GSM3852126,case,tgfb_endmt,5.681887577777778,-0.583936005121772
GSE132176_TOF_PRE_CPB_vs_ASD_PRE_CPB,GSE132176,GSM3852128,case,tgfb_endmt,5.858228027777778,1.1450065305481394
GSE132176_TOF_PRE_CPB_vs_ASD_PRE_CPB,GSE132176,GSM3852130,case,tgfb_endmt,5.806902668253969,0.6417833776115061
GSE132176_TOF_PRE_CPB_vs_ASD_PRE_CPB,GSE132176,GSM3852132,case,tgfb_endmt,5.813401205753968,0.705498752634058
GSE132176_TOF_PRE_CPB_vs_ASD_PRE_CPB,GSE132176,GSM3852138,case,tgfb_endmt,5.630895731349207,-1.0838892050977573
GSE132176_TOF_PRE_CPB_vs_ASD_PRE_CPB,GSE132176,GSM3852148,case,tgfb_endmt,6.075118914880953,3.271528722772674
GSE132176_TOF_PRE_CPB_vs_ASD_PRE_CPB,GSE132176,GSM3852150,case,tgfb_endmt,5.8349927968253965,0.9171950492930656
GSE132176_TOF_PRE_CPB_vs_ASD_PRE_CPB,GSE132176,GSM3852158,case,tgfb_endmt,5.835767941865079,0.9247950141928974
GSE132176_TOF_PRE_CPB_vs_ASD_PRE_CPB,GSE132176,GSM3852160,case,tgfb_endmt,5.570533964285715,-1.6757104611072033
GSE132176_TOF_PRE_CPB_vs_ASD_PRE_CPB,GSE132176,GSM3852134,control,tgfb_endmt,5.802394792261905,0.5975855855098939
GSE132176_TOF_PRE_CPB_vs_ASD_PRE_CPB,GSE132176,GSM3852136,control,tgfb_endmt,5.728863209126984,-0.12336007271607256
GSE132176_TOF_PRE_CPB_vs_ASD_PRE_CPB,GSE132176,GSM3852140,control,tgfb_endmt,5.486269310317461,-2.5018892788385907
GSE132176_TOF_PRE_CPB_vs_ASD_PRE_CPB,GSE132176,GSM3852142,control,tgfb_endmt,5.710615985714285,-0.30226627782151894
GSE132176_TOF_PRE_CPB_vs_ASD_PRE_CPB,GSE132176,GSM3852144,control,tgfb_endmt,5.8177972109126985,0.7485996991608077
GSE132176_TOF_PRE_CPB_vs_ASD_PRE_CPB,GSE132176,GSM3852146,control,tgfb_endmt,5.786846289484127,0.4451391796031301
GSE132176_TOF_PRE_CPB_vs_ASD_PRE_CPB,GSE132176,GSM3852152,control,tgfb_endmt,5.807865382142857,0.6512223746889211
GSE132176_TOF_PRE_CPB_vs_ASD_PRE_CPB,GSE132176,GSM3852154,control,tgfb_endmt,5.804343959126984,0.6166963312415439
GSE132176_TOF_PRE_CPB_vs_ASD_PRE_CPB,GSE132176,GSM3852156,control,tgfb_endmt,5.674162543849207,-0.6596766519705204
GSE132176_TOF_PRE_CPB_vs_ASD_PRE_CPB,GSE132176,GSM3852162,control,tgfb_endmt,5.79529234265873,0.5279491111423797
GSE132176_TOF_PRE_CPB_vs_ASD_PRE_CPB,GSE132176,GSM3852124,case,AMA,-0.6492663809234219,-0.6492663809234219
GSE132176_TOF_PRE_CPB_vs_ASD_PRE_CPB,GSE132176,GSM3852126,case,AMA,-0.3129479404558017,-0.3129479404558017
GSE132176_TOF_PRE_CPB_vs_ASD_PRE_CPB,GSE132176,GSM3852128,case,AMA,-1.7549514807240867,-1.7549514807240867
GSE132176_TOF_PRE_CPB_vs_ASD_PRE_CPB,GSE132176,GSM3852130,case,AMA,-1.3170797027308148,-1.3170797027308148
GSE132176_TOF_PRE_CPB_vs_ASD_PRE_CPB,GSE132176,GSM3852132,case,AMA,-0.7311126098565627,-0.7311126098565627
GSE132176_TOF_PRE_CPB_vs_ASD_PRE_CPB,GSE132176,GSM3852138,case,AMA,-0.17214233299392787,-0.17214233299392787
GSE132176_TOF_PRE_CPB_vs_ASD_PRE_CPB,GSE132176,GSM3852148,case,AMA,-2.495213994033709,-2.495213994033709
GSE132176_TOF_PRE_CPB_vs_ASD_PRE_CPB,GSE132176,GSM3852150,case,AMA,-1.1271450154069527,-1.1271450154069527
GSE132176_TOF_PRE_CPB_vs_ASD_PRE_CPB,GSE132176,GSM3852158,case,AMA,-1.728428274562286,-1.728428274562286
GSE132176_TOF_PRE_CPB_vs_ASD_PRE_CPB,GSE132176,GSM3852160,case,AMA,0.19662399112688655,0.19662399112688655
GSE132176_TOF_PRE_CPB_vs_ASD_PRE_CPB,GSE132176,GSM3852134,control,AMA,0.301910356707305,0.301910356707305
GSE132176_TOF_PRE_CPB_vs_ASD_PRE_CPB,GSE132176,GSM3852136,control,AMA,-0.2703849029964448,-0.2703849029964448
GSE132176_TOF_PRE_CPB_vs_ASD_PRE_CPB,GSE132176,GSM3852140,control,AMA,1.7632221809927529,1.7632221809927529
GSE132176_TOF_PRE_CPB_vs_ASD_PRE_CPB,GSE132176,GSM3852142,control,AMA,0.29490879337148457,0.29490879337148457
GSE132176_TOF_PRE_CPB_vs_ASD_PRE_CPB,GSE132176,GSM3852144,control,AMA,-0.36034967212177876,-0.36034967212177876
GSE132176_TOF_PRE_CPB_vs_ASD_PRE_CPB,GSE132176,GSM3852146,control,AMA,-0.7736978966485454,-0.7736978966485454
GSE132176_TOF_PRE_CPB_vs_ASD_PRE_CPB,GSE132176,GSM3852152,control,AMA,-0.1935031201183065,-0.1935031201183065
GSE132176_TOF_PRE_CPB_vs_ASD_PRE_CPB,GSE132176,GSM3852154,control,AMA,-0.9446627991316806,-0.9446627991316806
GSE132176_TOF_PRE_CPB_vs_ASD_PRE_CPB,GSE132176,GSM3852156,control,AMA,0.6837856292549436,0.6837856292549436
GSE132176_TOF_PRE_CPB_vs_ASD_PRE_CPB,GSE132176,GSM3852162,control,AMA,-0.5012285693097168,-0.5012285693097168
GSE132176_TOF_POST_vs_PRE_CPB_paired,GSE132176,GSM3852123,case,arterial_maturation,5.058232425,0.21123991309388915
GSE132176_TOF_POST_vs_PRE_CPB_paired,GSE132176,GSM3852125,case,arterial_maturation,4.944715575,-0.8939425126802123
GSE132176_TOF_POST_vs_PRE_CPB_paired,GSE132176,GSM3852127,case,arterial_maturation,5.4753277874999995,4.272015599759597
GSE132176_TOF_POST_vs_PRE_CPB_paired,GSE132176,GSM3852129,case,arterial_maturation,5.262279725,2.1978127433535035
GSE132176_TOF_POST_vs_PRE_CPB_paired,GSE132176,GSM3852131,case,arterial_maturation,5.320657474999999,2.7661694530070315
GSE132176_TOF_POST_vs_PRE_CPB_paired,GSE132176,GSM3852137,case,arterial_maturation,5.1738130375,1.3365148101264188
GSE132176_TOF_POST_vs_PRE_CPB_paired,GSE132176,GSM3852147,case,arterial_maturation,5.095593475,0.5749812948223982
GSE132176_TOF_POST_vs_PRE_CPB_paired,GSE132176,GSM3852149,case,arterial_maturation,5.3070460375,2.6336506109626883
GSE132176_TOF_POST_vs_PRE_CPB_paired,GSE132176,GSM3852157,case,arterial_maturation,5.09421295,0.5615407177772999
GSE132176_TOF_POST_vs_PRE_CPB_paired,GSE132176,GSM3852159,case,arterial_maturation,5.107658112499999,0.6924407322392593
GSE132176_TOF_POST_vs_PRE_CPB_paired,GSE132176,GSM3852124,control,arterial_maturation,5.064069437500001,0.2680681604776433
GSE132176_TOF_POST_vs_PRE_CPB_paired,GSE132176,GSM3852126,control,arterial_maturation,5.0434020625,0.06685380651271687
GSE132176_TOF_POST_vs_PRE_CPB_paired,GSE132176,GSM3852128,control,arterial_maturation,5.1660331375,1.2607709117159185
GSE132176_TOF_POST_vs_PRE_CPB_paired,GSE132176,GSM3852130,control,arterial_maturation,5.1126034125,0.7405874051797242
GSE132176_TOF_POST_vs_PRE_CPB_paired,GSE132176,GSM3852132,control,arterial_maturation,5.1891330875,1.4856684381735343
GSE132176_TOF_POST_vs_PRE_CPB_paired,GSE132176,GSM3852138,control,arterial_maturation,4.88164955,-1.5079435397826257
GSE132176_TOF_POST_vs_PRE_CPB_paired,GSE132176,GSM3852148,control,arterial_maturation,4.945439525,-0.8868942478883384
GSE132176_TOF_POST_vs_PRE_CPB_paired,GSE132176,GSM3852150,control,arterial_maturation,4.9404927875,-0.9350549161055925
GSE132176_TOF_POST_vs_PRE_CPB_paired,GSE132176,GSM3852158,control,arterial_maturation,5.0637685999999995,0.26513925328884247
GSE132176_TOF_POST_vs_PRE_CPB_paired,GSE132176,GSM3852160,control,arterial_maturation,4.958761325,-0.7571952715718059
GSE132176_TOF_POST_vs_PRE_CPB_paired,GSE132176,GSM3852123,case,ecm_integrin,7.474154280158731,-1.6293645405879942
GSE132176_TOF_POST_vs_PRE_CPB_paired,GSE132176,GSM3852125,case,ecm_integrin,7.809937028869047,-0.5104827193277396
GSE132176_TOF_POST_vs_PRE_CPB_paired,GSE132176,GSM3852127,case,ecm_integrin,7.994011060317461,0.10288139286910247
GSE132176_TOF_POST_vs_PRE_CPB_paired,GSE132176,GSM3852129,case,ecm_integrin,7.973742385119048,0.0353429254891207
GSE132176_TOF_POST_vs_PRE_CPB_paired,GSE132176,GSM3852131,case,ecm_integrin,7.15336543452381,-2.6982842787893886
GSE132176_TOF_POST_vs_PRE_CPB_paired,GSE132176,GSM3852137,case,ecm_integrin,7.506808679265873,-1.520554860264963
GSE132176_TOF_POST_vs_PRE_CPB_paired,GSE132176,GSM3852147,case,ecm_integrin,7.774305619940478,-0.6292122724962407
GSE132176_TOF_POST_vs_PRE_CPB_paired,GSE132176,GSM3852149,case,ecm_integrin,7.56690595922619,-1.3203011119319978
GSE132176_TOF_POST_vs_PRE_CPB_paired,GSE132176,GSM3852157,case,ecm_integrin,7.999153929067462,0.12001825405570224
GSE132176_TOF_POST_vs_PRE_CPB_paired,GSE132176,GSM3852159,case,ecm_integrin,7.369265222519842,-1.978871655804681
GSE132176_TOF_POST_vs_PRE_CPB_paired,GSE132176,GSM3852124,control,ecm_integrin,7.958432982142859,-0.01567045369786035
GSE132176_TOF_POST_vs_PRE_CPB_paired,GSE132176,GSM3852126,control,ecm_integrin,7.672705488194445,-0.9677601606319538
GSE132176_TOF_POST_vs_PRE_CPB_paired,GSE132176,GSM3852128,control,ecm_integrin,8.126852311805555,0.5455296884541703
GSE132176_TOF_POST_vs_PRE_CPB_paired,GSE132176,GSM3852130,control,ecm_integrin,8.006291025198413,0.14380019981729833
GSE132176_TOF_POST_vs_PRE_CPB_paired,GSE132176,GSM3852132,control,ecm_integrin,7.461020959920635,-1.6731268640654062
GSE132176_TOF_POST_vs_PRE_CPB_paired,GSE132176,GSM3852138,control,ecm_integrin,7.916991770238095,-0.15375919955906112
GSE132176_TOF_POST_vs_PRE_CPB_paired,GSE132176,GSM3852148,control,ecm_integrin,8.457240403769841,1.6464356506559858
GSE132176_TOF_POST_vs_PRE_CPB_paired,GSE132176,GSM3852150,control,ecm_integrin,8.042888814880952,0.2657498882136646
GSE132176_TOF_POST_vs_PRE_CPB_paired,GSE132176,GSM3852158,control,ecm_integrin,8.30335325436508,1.1336590572905785
GSE132176_TOF_POST_vs_PRE_CPB_paired,GSE132176,GSM3852160,control,ecm_integrin,7.685580726785713,-0.9248578064774043
GSE132176_TOF_POST_vs_PRE_CPB_paired,GSE132176,GSM3852123,case,tgfb_endmt,5.550806267658729,-1.5362410666894095
GSE132176_TOF_POST_vs_PRE_CPB_paired,GSE132176,GSM3852125,case,tgfb_endmt,5.747401649007936,-0.19464883349866766
GSE132176_TOF_POST_vs_PRE_CPB_paired,GSE132176,GSM3852127,case,tgfb_endmt,5.744285468650794,-0.21591405008550746
GSE132176_TOF_POST_vs_PRE_CPB_paired,GSE132176,GSM3852129,case,tgfb_endmt,5.837271178174603,0.4186324221598617
GSE132176_TOF_POST_vs_PRE_CPB_paired,GSE132176,GSM3852131,case,tgfb_endmt,5.653233913690477,-0.8372616021814644
GSE132176_TOF_POST_vs_PRE_CPB_paired,GSE132176,GSM3852137,case,tgfb_endmt,5.62594227579365,-1.0235032584307535
GSE132176_TOF_POST_vs_PRE_CPB_paired,GSE132176,GSM3852147,case,tgfb_endmt,5.9686962095238085,1.3154937832706426
GSE132176_TOF_POST_vs_PRE_CPB_paired,GSE132176,GSM3852149,case,tgfb_endmt,5.6545209113095245,-0.8284789644714673
GSE132176_TOF_POST_vs_PRE_CPB_paired,GSE132176,GSM3852157,case,tgfb_endmt,5.836994758928571,0.41674610158083275
GSE132176_TOF_POST_vs_PRE_CPB_paired,GSE132176,GSM3852159,case,tgfb_endmt,5.553810345436507,-1.5157408525597096
GSE132176_TOF_POST_vs_PRE_CPB_paired,GSE132176,GSM3852124,control,tgfb_endmt,5.651523821031746,-0.8489314950001334
GSE132176_TOF_POST_vs_PRE_CPB_paired,GSE132176,GSM3852126,control,tgfb_endmt,5.681887577777778,-0.6417253035758694
GSE132176_TOF_POST_vs_PRE_CPB_paired,GSE132176,GSM3852128,control,tgfb_endmt,5.858228027777778,0.5616446662258826
GSE132176_TOF_POST_vs_PRE_CPB_paired,GSE132176,GSM3852130,control,tgfb_endmt,5.806902668253969,0.211393794459192
GSE132176_TOF_POST_vs_PRE_CPB_paired,GSE132176,GSM3852132,control,tgfb_endmt,5.813401205753968,0.2557406523419424
GSE132176_TOF_POST_vs_PRE_CPB_paired,GSE132176,GSM3852138,control,tgfb_endmt,5.630895731349207,-0.9897002389743316
GSE132176_TOF_POST_vs_PRE_CPB_paired,GSE132176,GSM3852148,control,tgfb_endmt,6.075118914880953,2.0417360477757405
GSE132176_TOF_POST_vs_PRE_CPB_paired,GSE132176,GSM3852150,control,tgfb_endmt,5.8349927968253965,0.4030844540368816
GSE132176_TOF_POST_vs_PRE_CPB_paired,GSE132176,GSM3852158,control,tgfb_endmt,5.835767941865079,0.40837414374219116
GSE132176_TOF_POST_vs_PRE_CPB_paired,GSE132176,GSM3852160,control,tgfb_endmt,5.570533964285715,-1.4016167210314836
GSE132176_TOF_POST_vs_PRE_CPB_paired,GSE132176,GSM3852123,case,AMA,0.9847885647278382,0.9847885647278382
GSE132176_TOF_POST_vs_PRE_CPB_paired,GSE132176,GSM3852125,case,AMA,0.5330246885022064,0.5330246885022064
GSE132176_TOF_POST_vs_PRE_CPB_paired,GSE132176,GSM3852127,case,AMA,-1.3863276475143973,-1.3863276475143973
GSE132176_TOF_POST_vs_PRE_CPB_paired,GSE132176,GSM3852129,case,AMA,-0.8839293636674954,-0.8839293636674954
GSE132176_TOF_POST_vs_PRE_CPB_paired,GSE132176,GSM3852131,case,AMA,0.2564588093212738,0.2564588093212738
GSE132176_TOF_POST_vs_PRE_CPB_paired,GSE132176,GSM3852137,case,AMA,0.4025144361897659,0.4025144361897659
GSE132176_TOF_POST_vs_PRE_CPB_paired,GSE132176,GSM3852147,case,AMA,-0.4204209351989334,-0.4204209351989334
GSE132176_TOF_POST_vs_PRE_CPB_paired,GSE132176,GSM3852149,case,AMA,-0.16162351151974105,-0.16162351151974105
GSE132176_TOF_POST_vs_PRE_CPB_paired,GSE132176,GSM3852157,case,AMA,-0.36610169113794494,-0.36610169113794494
GSE132176_TOF_POST_vs_PRE_CPB_paired,GSE132176,GSM3852159,case,AMA,0.9340572587083771,0.9340572587083771
GSE132176_TOF_POST_vs_PRE_CPB_paired,GSE132176,GSM3852124,control,AMA,0.19884459607345017,0.19884459607345017
GSE132176_TOF_POST_vs_PRE_CPB_paired,GSE132176,GSM3852126,control,AMA,0.5142105525650355,0.5142105525650355
GSE132176_TOF_POST_vs_PRE_CPB_paired,GSE132176,GSM3852128,control,AMA,-0.7893150887986571,-0.7893150887986571
GSE132176_TOF_POST_vs_PRE_CPB_paired,GSE132176,GSM3852130,control,AMA,-0.36526046648540483,-0.36526046648540483
GSE132176_TOF_POST_vs_PRE_CPB_paired,GSE132176,GSM3852132,control,AMA,-0.022760742150023494,-0.022760742150023494
GSE132176_TOF_POST_vs_PRE_CPB_paired,GSE132176,GSM3852138,control,AMA,0.8838009927720062,0.8838009927720062
GSE132176_TOF_POST_vs_PRE_CPB_paired,GSE132176,GSM3852148,control,AMA,-0.9337591501811294,-0.9337591501811294
GSE132176_TOF_POST_vs_PRE_CPB_paired,GSE132176,GSM3852150,control,AMA,0.08874019128501544,0.08874019128501544
GSE132176_TOF_POST_vs_PRE_CPB_paired,GSE132176,GSM3852158,control,AMA,-0.6023908181072041,-0.6023908181072041
GSE132176_TOF_POST_vs_PRE_CPB_paired,GSE132176,GSM3852160,control,AMA,1.0278899330268978,1.0278899330268978
GSE132176_ASD_POST_vs_PRE_CPB_paired,GSE132176,GSM3852133,case,arterial_maturation,4.9520730875000005,-0.03463956407164616
GSE132176_ASD_POST_vs_PRE_CPB_paired,GSE132176,GSM3852135,case,arterial_maturation,4.9638930625,0.03384767149280545
GSE132176_ASD_POST_vs_PRE_CPB_paired,GSE132176,GSM3852139,case,arterial_maturation,5.057352712499999,0.5753710727962087
GSE132176_ASD_POST_vs_PRE_CPB_paired,GSE132176,GSM3852141,case,arterial_maturation,5.0961138749999995,0.7999607920544582
GSE132176_ASD_POST_vs_PRE_CPB_paired,GSE132176,GSM3852143,case,arterial_maturation,5.394725812500001,2.5301764740605637
GSE132176_ASD_POST_vs_PRE_CPB_paired,GSE132176,GSM3852145,case,arterial_maturation,4.992530375000001,0.19977783353802045
GSE132176_ASD_POST_vs_PRE_CPB_paired,GSE132176,GSM3852151,case,arterial_maturation,5.1936232625,1.3649491605965243
GSE132176_ASD_POST_vs_PRE_CPB_paired,GSE132176,GSM3852153,case,arterial_maturation,5.170702587499999,1.2321423088035797
GSE132176_ASD_POST_vs_PRE_CPB_paired,GSE132176,GSM3852155,case,arterial_maturation,5.063613699999999,0.61164845289038
GSE132176_ASD_POST_vs_PRE_CPB_paired,GSE132176,GSM3852161,case,arterial_maturation,5.1629029125,1.1869494738736306
GSE132176_ASD_POST_vs_PRE_CPB_paired,GSE132176,GSM3852134,control,arterial_maturation,4.7945547374999995,-0.9473315403384255
GSE132176_ASD_POST_vs_PRE_CPB_paired,GSE132176,GSM3852136,control,arterial_maturation,4.9174639,-0.23517193211868564
GSE132176_ASD_POST_vs_PRE_CPB_paired,GSE132176,GSM3852140,control,arterial_maturation,4.612961049999999,-1.999520707644623
GSE132176_ASD_POST_vs_PRE_CPB_paired,GSE132176,GSM3852142,control,arterial_maturation,5.0519887625,0.5442913025593077
GSE132176_ASD_POST_vs_PRE_CPB_paired,GSE132176,GSM3852144,control,arterial_maturation,5.0349202875,0.4453932365269408
GSE132176_ASD_POST_vs_PRE_CPB_paired,GSE132176,GSM3852146,control,arterial_maturation,5.035350875,0.44788814430327467
GSE132176_ASD_POST_vs_PRE_CPB_paired,GSE132176,GSM3852152,control,arterial_maturation,4.8376561250000005,-0.6975937127315723
GSE132176_ASD_POST_vs_PRE_CPB_paired,GSE132176,GSM3852154,control,arterial_maturation,5.215228837500001,1.4901360670434909
GSE132176_ASD_POST_vs_PRE_CPB_paired,GSE132176,GSM3852156,control,arterial_maturation,4.9864798375,0.16471984170181728
GSE132176_ASD_POST_vs_PRE_CPB_paired,GSE132176,GSM3852162,control,arterial_maturation,5.0939096875,0.7871893006984546
GSE132176_ASD_POST_vs_PRE_CPB_paired,GSE132176,GSM3852133,case,ecm_integrin,7.3063505511904765,-0.49359192418355463
GSE132176_ASD_POST_vs_PRE_CPB_paired,GSE132176,GSM3852135,case,ecm_integrin,6.852422552480159,-2.3792026985137196
GSE132176_ASD_POST_vs_PRE_CPB_paired,GSE132176,GSM3852139,case,ecm_integrin,6.88008908045635,-2.264276315059888
GSE132176_ASD_POST_vs_PRE_CPB_paired,GSE132176,GSM3852141,case,ecm_integrin,7.297814919642856,-0.5290488223207791
GSE132176_ASD_POST_vs_PRE_CPB_paired,GSE132176,GSM3852143,case,ecm_integrin,7.555833898115078,0.5427585285612474
GSE132176_ASD_POST_vs_PRE_CPB_paired,GSE132176,GSM3852145,case,ecm_integrin,7.387996218353174,-0.1544369257768485
GSE132176_ASD_POST_vs_PRE_CPB_paired,GSE132176,GSM3852151,case,ecm_integrin,6.9414598636904765,-2.0093429105901635
GSE132176_ASD_POST_vs_PRE_CPB_paired,GSE132176,GSM3852153,case,ecm_integrin,7.486578322222222,0.25507180190628326
GSE132176_ASD_POST_vs_PRE_CPB_paired,GSE132176,GSM3852155,case,ecm_integrin,6.967031058531746,-1.9031205126720199
GSE132176_ASD_POST_vs_PRE_CPB_paired,GSE132176,GSM3852161,case,ecm_integrin,7.156856270436507,-1.1145891468517142
GSE132176_ASD_POST_vs_PRE_CPB_paired,GSE132176,GSM3852134,control,ecm_integrin,7.291330475595238,-0.5559851152933835
GSE132176_ASD_POST_vs_PRE_CPB_paired,GSE132176,GSM3852136,control,ecm_integrin,7.706755954960318,1.1696867138240925
GSE132176_ASD_POST_vs_PRE_CPB_paired,GSE132176,GSM3852140,control,ecm_integrin,7.2354151658730155,-0.7882565564950449
GSE132176_ASD_POST_vs_PRE_CPB_paired,GSE132176,GSM3852142,control,ecm_integrin,7.153928418353174,-1.1267514048522425
GSE132176_ASD_POST_vs_PRE_CPB_paired,GSE132176,GSM3852144,control,ecm_integrin,7.397984937996032,-0.11294391932241218
GSE132176_ASD_POST_vs_PRE_CPB_paired,GSE132176,GSM3852146,control,ecm_integrin,7.768956362400793,1.4280663660392312
GSE132176_ASD_POST_vs_PRE_CPB_paired,GSE132176,GSM3852152,control,ecm_integrin,7.576084847420635,0.6268806983975708
GSE132176_ASD_POST_vs_PRE_CPB_paired,GSE132176,GSM3852154,control,ecm_integrin,7.600224382043649,0.7271559991100075
GSE132176_ASD_POST_vs_PRE_CPB_paired,GSE132176,GSM3852156,control,ecm_integrin,7.050497973015872,-1.5564000774961277
GSE132176_ASD_POST_vs_PRE_CPB_paired,GSE132176,GSM3852162,control,ecm_integrin,7.470563704464286,0.18854729608831614
GSE132176_ASD_POST_vs_PRE_CPB_paired,GSE132176,GSM3852133,case,tgfb_endmt,5.834617487301588,0.913515300263536
GSE132176_ASD_POST_vs_PRE_CPB_paired,GSE132176,GSM3852135,case,tgfb_endmt,5.405480817063491,-3.2939858305910077
GSE132176_ASD_POST_vs_PRE_CPB_paired,GSE132176,GSM3852139,case,tgfb_endmt,5.558937365873015,-1.7894101384347754
GSE132176_ASD_POST_vs_PRE_CPB_paired,GSE132176,GSM3852141,case,tgfb_endmt,5.768804052976191,0.268242783244906
GSE132176_ASD_POST_vs_PRE_CPB_paired,GSE132176,GSM3852143,case,tgfb_endmt,5.920989107142856,1.7603520153693415
GSE132176_ASD_POST_vs_PRE_CPB_paired,GSE132176,GSM3852145,case,tgfb_endmt,5.708898455158731,-0.31910592881373706
GSE132176_ASD_POST_vs_PRE_CPB_paired,GSE132176,GSM3852151,case,tgfb_endmt,5.704547252579364,-0.3617676052514642
GSE132176_ASD_POST_vs_PRE_CPB_paired,GSE132176,GSM3852153,case,tgfb_endmt,5.901201668055556,1.566344655685218
GSE132176_ASD_POST_vs_PRE_CPB_paired,GSE132176,GSM3852155,case,tgfb_endmt,5.630826429365079,-1.0845686813504498
GSE132176_ASD_POST_vs_PRE_CPB_paired,GSE132176,GSM3852161,case,tgfb_endmt,5.736234237103175,-0.051090302509351294
GSE132176_ASD_POST_vs_PRE_CPB_paired,GSE132176,GSM3852134,control,tgfb_endmt,5.802394792261905,0.5975855855098939
GSE132176_ASD_POST_vs_PRE_CPB_paired,GSE132176,GSM3852136,control,tgfb_endmt,5.728863209126984,-0.12336007271607256
GSE132176_ASD_POST_vs_PRE_CPB_paired,GSE132176,GSM3852140,control,tgfb_endmt,5.486269310317461,-2.5018892788385907
GSE132176_ASD_POST_vs_PRE_CPB_paired,GSE132176,GSM3852142,control,tgfb_endmt,5.710615985714285,-0.30226627782151894
GSE132176_ASD_POST_vs_PRE_CPB_paired,GSE132176,GSM3852144,control,tgfb_endmt,5.8177972109126985,0.7485996991608077
GSE132176_ASD_POST_vs_PRE_CPB_paired,GSE132176,GSM3852146,control,tgfb_endmt,5.786846289484127,0.4451391796031301
GSE132176_ASD_POST_vs_PRE_CPB_paired,GSE132176,GSM3852152,control,tgfb_endmt,5.807865382142857,0.6512223746889211
GSE132176_ASD_POST_vs_PRE_CPB_paired,GSE132176,GSM3852154,control,tgfb_endmt,5.804343959126984,0.6166963312415439
GSE132176_ASD_POST_vs_PRE_CPB_paired,GSE132176,GSM3852156,control,tgfb_endmt,5.674162543849207,-0.6596766519705204
GSE132176_ASD_POST_vs_PRE_CPB_paired,GSE132176,GSM3852162,control,tgfb_endmt,5.79529234265873,0.5279491111423797
GSE132176_ASD_POST_vs_PRE_CPB_paired,GSE132176,GSM3852133,case,AMA,-0.1284279373361117,-0.1284279373361117
GSE132176_ASD_POST_vs_PRE_CPB_paired,GSE132176,GSM3852135,case,AMA,1.8797802858706405,1.8797802858706405
GSE132176_ASD_POST_vs_PRE_CPB_paired,GSE132176,GSM3852139,case,AMA,1.1594384602328183,1.1594384602328183
GSE132176_ASD_POST_vs_PRE_CPB_paired,GSE132176,GSM3852141,case,AMA,-0.17971825099286173,-0.17971825099286173
GSE132176_ASD_POST_vs_PRE_CPB_paired,GSE132176,GSM3852143,case,AMA,-1.6110956726637173,-1.6110956726637173
GSE132176_ASD_POST_vs_PRE_CPB_paired,GSE132176,GSM3852145,case,AMA,0.0912550070175217,0.0912550070175217
GSE132176_ASD_POST_vs_PRE_CPB_paired,GSE132176,GSM3852151,case,AMA,0.3353871184150345,0.3353871184150345
GSE132176_ASD_POST_vs_PRE_CPB_paired,GSE132176,GSM3852153,case,AMA,-1.0178529221316936,-1.0178529221316936
GSE132176_ASD_POST_vs_PRE_CPB_paired,GSE132176,GSM3852155,case,AMA,0.7920135803773632,0.7920135803773632
GSE132176_ASD_POST_vs_PRE_CPB_paired,GSE132176,GSM3852161,case,AMA,-0.00709000817085504,-0.00709000817085504
GSE132176_ASD_POST_vs_PRE_CPB_paired,GSE132176,GSM3852134,control,AMA,0.301910356707305,0.301910356707305
GSE132176_ASD_POST_vs_PRE_CPB_paired,GSE132176,GSM3852136,control,AMA,-0.2703849029964448,-0.2703849029964448
GSE132176_ASD_POST_vs_PRE_CPB_paired,GSE132176,GSM3852140,control,AMA,1.7632221809927529,1.7632221809927529
GSE132176_ASD_POST_vs_PRE_CPB_paired,GSE132176,GSM3852142,control,AMA,0.29490879337148457,0.29490879337148457
GSE132176_ASD_POST_vs_PRE_CPB_paired,GSE132176,GSM3852144,control,AMA,-0.36034967212177876,-0.36034967212177876
GSE132176_ASD_POST_vs_PRE_CPB_paired,GSE132176,GSM3852146,control,AMA,-0.7736978966485454,-0.7736978966485454
GSE132176_ASD_POST_vs_PRE_CPB_paired,GSE132176,GSM3852152,control,AMA,-0.1935031201183065,-0.1935031201183065
GSE132176_ASD_POST_vs_PRE_CPB_paired,GSE132176,GSM3852154,control,AMA,-0.9446627991316806,-0.9446627991316806
GSE132176_ASD_POST_vs_PRE_CPB_paired,GSE132176,GSM3852156,control,AMA,0.6837856292549436,0.6837856292549436
GSE132176_ASD_POST_vs_PRE_CPB_paired,GSE132176,GSM3852162,control,AMA,-0.5012285693097168,-0.5012285693097168
GSE23959_HLHS_ventricle_vs_healthy_RV,GSE23959,GSM590279,case,arterial_maturation,4.734444368494611,0.9570643164644408
GSE23959_HLHS_ventricle_vs_healthy_RV,GSE23959,GSM590280,case,arterial_maturation,4.38126762450732,-0.17517701203189112
GSE23959_HLHS_ventricle_vs_healthy_RV,GSE23959,GSM590281,case,arterial_maturation,4.6349300464225385,0.6380336040929899
GSE23959_HLHS_ventricle_vs_healthy_RV,GSE23959,GSM590282,case,arterial_maturation,4.447110454331564,0.035907025581985774
GSE23959_HLHS_ventricle_vs_healthy_RV,GSE23959,GSM590283,case,arterial_maturation,4.4112368687962515,-0.07909929019595913
GSE23959_HLHS_ventricle_vs_healthy_RV,GSE23959,GSM590284,case,arterial_maturation,4.55077850265444,0.36825407491074674
GSE23959_HLHS_ventricle_vs_healthy_RV,GSE23959,GSM590274,control,arterial_maturation,4.407601938374759,-0.09075243134834111
GSE23959_HLHS_ventricle_vs_healthy_RV,GSE23959,GSM590275,control,arterial_maturation,4.905898697946831,1.506725869951142
GSE23959_HLHS_ventricle_vs_healthy_RV,GSE23959,GSM590276,control,arterial_maturation,4.446301663077139,0.03331414000846938
GSE23959_HLHS_ventricle_vs_healthy_RV,GSE23959,GSM590277,control,arterial_maturation,4.029304354086229,-1.3035280930923998
GSE23959_HLHS_ventricle_vs_healthy_RV,GSE23959,GSM590278,control,arterial_maturation,4.390443747979006,-0.1457594855188704
GSE23959_HLHS_ventricle_vs_healthy_RV,GSE23959,GSM590279,case,ecm_integrin,6.82064237068538,-0.7472306935441979
GSE23959_HLHS_ventricle_vs_healthy_RV,GSE23959,GSM590280,case,ecm_integrin,6.604095038812113,-1.079768196116303
GSE23959_HLHS_ventricle_vs_healthy_RV,GSE23959,GSM590281,case,ecm_integrin,6.696839897194791,-0.9373460137869956
GSE23959_HLHS_ventricle_vs_healthy_RV,GSE23959,GSM590282,case,ecm_integrin,7.621351319218445,0.48236540320268967
GSE23959_HLHS_ventricle_vs_healthy_RV,GSE23959,GSM590283,case,ecm_integrin,6.698833468558533,-0.9342846172933831
GSE23959_HLHS_ventricle_vs_healthy_RV,GSE23959,GSM590284,case,ecm_integrin,6.717016799707217,-0.9063616709503465
GSE23959_HLHS_ventricle_vs_healthy_RV,GSE23959,GSM590274,control,ecm_integrin,7.398759065528314,0.14054511156625207
GSE23959_HLHS_ventricle_vs_healthy_RV,GSE23959,GSM590275,control,ecm_integrin,7.931361327168269,0.9584273935500274
GSE23959_HLHS_ventricle_vs_healthy_RV,GSE23959,GSM590276,control,ecm_integrin,7.846709617115224,0.8284333270982087
GSE23959_HLHS_ventricle_vs_healthy_RV,GSE23959,GSM590277,control,ecm_integrin,6.348296053720514,-1.4725818822836392
GSE23959_HLHS_ventricle_vs_healthy_RV,GSE23959,GSM590278,control,ecm_integrin,7.011056683842409,-0.45482394993084774
GSE23959_HLHS_ventricle_vs_healthy_RV,GSE23959,GSM590279,case,tgfb_endmt,5.9322408305251395,-0.06779899016311544
GSE23959_HLHS_ventricle_vs_healthy_RV,GSE23959,GSM590280,case,tgfb_endmt,5.591948434495515,-1.2143825599933016
GSE23959_HLHS_ventricle_vs_healthy_RV,GSE23959,GSM590281,case,tgfb_endmt,5.7011714619620575,-0.846365730344993
GSE23959_HLHS_ventricle_vs_healthy_RV,GSE23959,GSM590282,case,tgfb_endmt,6.20165465436225,0.8399658247458335
GSE23959_HLHS_ventricle_vs_healthy_RV,GSE23959,GSM590283,case,tgfb_endmt,5.56193903444105,-1.3154964415973882
GSE23959_HLHS_ventricle_vs_healthy_RV,GSE23959,GSM590284,case,tgfb_endmt,5.697008947142998,-0.8603909367745033
GSE23959_HLHS_ventricle_vs_healthy_RV,GSE23959,GSM590274,control,tgfb_endmt,5.821502719781852,-0.4409207519589206
GSE23959_HLHS_ventricle_vs_healthy_RV,GSE23959,GSM590275,control,tgfb_endmt,6.2116501982464705,0.873644879943311
GSE23959_HLHS_ventricle_vs_healthy_RV,GSE23959,GSM590276,control,tgfb_endmt,6.326993597151486,1.2622837317539959
GSE23959_HLHS_ventricle_vs_healthy_RV,GSE23959,GSM590277,control,tgfb_endmt,5.7242474695059835,-0.7686132697674148
GSE23959_HLHS_ventricle_vs_healthy_RV,GSE23959,GSM590278,control,tgfb_endmt,5.6774198461965595,-0.9263945899709624
GSE23959_HLHS_ventricle_vs_healthy_RV,GSE23959,GSM590279,case,AMA,-0.04734487758570915,-0.04734487758570915
GSE23959_HLHS_ventricle_vs_healthy_RV,GSE23959,GSM590280,case,AMA,0.8231092560471653,0.8231092560471653
GSE23959_HLHS_ventricle_vs_healthy_RV,GSE23959,GSM590281,case,AMA,0.38189271334633285,0.38189271334633285
GSE23959_HLHS_ventricle_vs_healthy_RV,GSE23959,GSM590282,case,AMA,-0.4527460845101696,-0.4527460845101696
GSE23959_HLHS_ventricle_vs_healthy_RV,GSE23959,GSM590283,case,AMA,0.7762934496955768,0.7762934496955768
GSE23959_HLHS_ventricle_vs_healthy_RV,GSE23959,GSM590284,case,AMA,0.466166177604701,0.466166177604701
GSE23959_HLHS_ventricle_vs_healthy_RV,GSE23959,GSM590274,control,AMA,0.1303760239136699,0.1303760239136699
GSE23959_HLHS_ventricle_vs_healthy_RV,GSE23959,GSM590275,control,AMA,-1.1129327144814933,-1.1129327144814933
GSE23959_HLHS_ventricle_vs_healthy_RV,GSE23959,GSM590276,control,AMA,-0.7080103996202247,-0.7080103996202247
GSE23959_HLHS_ventricle_vs_healthy_RV,GSE23959,GSM590277,control,AMA,1.181574415047818,1.181574415047818
GSE23959_HLHS_ventricle_vs_healthy_RV,GSE23959,GSM590278,control,AMA,0.5089926751402268,0.5089926751402268
GSE23959_HLHS_ventricle_vs_all_healthy_ventricles_sensitivity,GSE23959,GSM590279,case,arterial_maturation,4.734444368494611,0.653327228863991
GSE23959_HLHS_ventricle_vs_all_healthy_ventricles_sensitivity,GSE23959,GSM590280,case,arterial_maturation,4.38126762450732,-0.6109661240046904
GSE23959_HLHS_ventricle_vs_all_healthy_ventricles_sensitivity,GSE23959,GSM590281,case,arterial_maturation,4.6349300464225385,0.29708832567199167
GSE23959_HLHS_ventricle_vs_all_healthy_ventricles_sensitivity,GSE23959,GSM590282,case,arterial_maturation,4.447110454331564,-0.37526359404464593
GSE23959_HLHS_ventricle_vs_all_healthy_ventricles_sensitivity,GSE23959,GSM590283,case,arterial_maturation,4.4112368687962515,-0.5036829662372088
GSE23959_HLHS_ventricle_vs_all_healthy_ventricles_sensitivity,GSE23959,GSM590284,case,arterial_maturation,4.55077850265444,-0.00415528459095727
GSE23959_HLHS_ventricle_vs_all_healthy_ventricles_sensitivity,GSE23959,GSM590269,control,arterial_maturation,4.641354801922458,0.32008750614081394
GSE23959_HLHS_ventricle_vs_all_healthy_ventricles_sensitivity,GSE23959,GSM590270,control,arterial_maturation,5.021691911106418,1.6816088610346542
GSE23959_HLHS_ventricle_vs_all_healthy_ventricles_sensitivity,GSE23959,GSM590271,control,arterial_maturation,4.6550689139116805,0.36918094426678155
GSE23959_HLHS_ventricle_vs_all_healthy_ventricles_sensitivity,GSE23959,GSM590272,control,arterial_maturation,4.471286233460022,-0.2887197392385348
GSE23959_HLHS_ventricle_vs_all_healthy_ventricles_sensitivity,GSE23959,GSM590273,control,arterial_maturation,4.550440433729488,-0.005365495347766988
GSE23959_HLHS_ventricle_vs_all_healthy_ventricles_sensitivity,GSE23959,GSM590274,control,arterial_maturation,4.407601938374759,-0.5166952000500861
GSE23959_HLHS_ventricle_vs_all_healthy_ventricles_sensitivity,GSE23959,GSM590275,control,arterial_maturation,4.905898697946831,1.267095187081532
GSE23959_HLHS_ventricle_vs_all_healthy_ventricles_sensitivity,GSE23959,GSM590276,control,arterial_maturation,4.446301663077139,-0.3781588849272879
GSE23959_HLHS_ventricle_vs_all_healthy_ventricles_sensitivity,GSE23959,GSM590277,control,arterial_maturation,4.029304354086229,-1.8709155142831198
GSE23959_HLHS_ventricle_vs_all_healthy_ventricles_sensitivity,GSE23959,GSM590278,control,arterial_maturation,4.390443747979006,-0.5781176646769927
GSE23959_HLHS_ventricle_vs_all_healthy_ventricles_sensitivity,GSE23959,GSM590279,case,ecm_integrin,6.82064237068538,-0.30548015760207375
GSE23959_HLHS_ventricle_vs_all_healthy_ventricles_sensitivity,GSE23959,GSM590280,case,ecm_integrin,6.604095038812113,-0.6273792393551536
GSE23959_HLHS_ventricle_vs_all_healthy_ventricles_sensitivity,GSE23959,GSM590281,case,ecm_integrin,6.696839897194791,-0.4895133765322592
GSE23959_HLHS_ventricle_vs_all_healthy_ventricles_sensitivity,GSE23959,GSM590282,case,ecm_integrin,7.621351319218445,0.884779140698185
GSE23959_HLHS_ventricle_vs_all_healthy_ventricles_sensitivity,GSE23959,GSM590283,case,ecm_integrin,6.698833468558533,-0.48654991914007445
GSE23959_HLHS_ventricle_vs_all_healthy_ventricles_sensitivity,GSE23959,GSM590284,case,ecm_integrin,6.717016799707217,-0.4595202737071806
GSE23959_HLHS_ventricle_vs_all_healthy_ventricles_sensitivity,GSE23959,GSM590269,control,ecm_integrin,6.799054239772523,-0.3375710610433635
GSE23959_HLHS_ventricle_vs_all_healthy_ventricles_sensitivity,GSE23959,GSM590270,control,ecm_integrin,7.7276089745049985,1.0427318680307693
GSE23959_HLHS_ventricle_vs_all_healthy_ventricles_sensitivity,GSE23959,GSM590271,control,ecm_integrin,6.584509256256084,-0.6564936383443363
GSE23959_HLHS_ventricle_vs_all_healthy_ventricles_sensitivity,GSE23959,GSM590272,control,ecm_integrin,5.983949914657553,-1.549229184547881
GSE23959_HLHS_ventricle_vs_all_healthy_ventricles_sensitivity,GSE23959,GSM590273,control,ecm_integrin,6.630138821897577,-0.5886649786525845
GSE23959_HLHS_ventricle_vs_all_healthy_ventricles_sensitivity,GSE23959,GSM590274,control,ecm_integrin,7.398759065528314,0.5538942415476575
GSE23959_HLHS_ventricle_vs_all_healthy_ventricles_sensitivity,GSE23959,GSM590275,control,ecm_integrin,7.931361327168269,1.3456111261586015
GSE23959_HLHS_ventricle_vs_all_healthy_ventricles_sensitivity,GSE23959,GSM590276,control,ecm_integrin,7.846709617115224,1.2197757833761258
GSE23959_HLHS_ventricle_vs_all_healthy_ventricles_sensitivity,GSE23959,GSM590277,control,ecm_integrin,6.348296053720514,-1.0076261706013228
GSE23959_HLHS_ventricle_vs_all_healthy_ventricles_sensitivity,GSE23959,GSM590278,control,ecm_integrin,7.011056683842409,-0.02242798592367441
GSE23959_HLHS_ventricle_vs_all_healthy_ventricles_sensitivity,GSE23959,GSM590279,case,tgfb_endmt,5.9322408305251395,0.33869444526593123
GSE23959_HLHS_ventricle_vs_all_healthy_ventricles_sensitivity,GSE23959,GSM590280,case,tgfb_endmt,5.591948434495515,-0.6525800267207784
GSE23959_HLHS_ventricle_vs_all_healthy_ventricles_sensitivity,GSE23959,GSM590281,case,tgfb_endmt,5.7011714619620575,-0.33441247392226836
GSE23959_HLHS_ventricle_vs_all_healthy_ventricles_sensitivity,GSE23959,GSM590282,case,tgfb_endmt,6.20165465436225,1.1234990694245108
GSE23959_HLHS_ventricle_vs_all_healthy_ventricles_sensitivity,GSE23959,GSM590283,case,tgfb_endmt,5.56193903444105,-0.7399976491558029
GSE23959_HLHS_ventricle_vs_all_healthy_ventricles_sensitivity,GSE23959,GSM590284,case,tgfb_endmt,5.697008947142998,-0.34653791289046887
GSE23959_HLHS_ventricle_vs_all_healthy_ventricles_sensitivity,GSE23959,GSM590269,control,tgfb_endmt,5.690477878186628,-0.3655629690091812
GSE23959_HLHS_ventricle_vs_all_healthy_ventricles_sensitivity,GSE23959,GSM590270,control,tgfb_endmt,6.240388766014487,1.2363318465418769
GSE23959_HLHS_ventricle_vs_all_healthy_ventricles_sensitivity,GSE23959,GSM590271,control,tgfb_endmt,5.744569738558556,-0.20799294700876664
GSE23959_HLHS_ventricle_vs_all_healthy_ventricles_sensitivity,GSE23959,GSM590272,control,tgfb_endmt,5.342289320187166,-1.3798390239836298
GSE23959_HLHS_ventricle_vs_all_healthy_ventricles_sensitivity,GSE23959,GSM590273,control,tgfb_endmt,5.380172186787341,-1.2694859305129118
GSE23959_HLHS_ventricle_vs_all_healthy_ventricles_sensitivity,GSE23959,GSM590274,control,tgfb_endmt,5.821502719781852,0.016113442761537814
GSE23959_HLHS_ventricle_vs_all_healthy_ventricles_sensitivity,GSE23959,GSM590275,control,tgfb_endmt,6.2116501982464705,1.1526161687239846
GSE23959_HLHS_ventricle_vs_all_healthy_ventricles_sensitivity,GSE23959,GSM590276,control,tgfb_endmt,6.326993597151486,1.4886124124859763
GSE23959_HLHS_ventricle_vs_all_healthy_ventricles_sensitivity,GSE23959,GSM590277,control,tgfb_endmt,5.7242474695059835,-0.2671918793378534
GSE23959_HLHS_ventricle_vs_all_healthy_ventricles_sensitivity,GSE23959,GSM590278,control,tgfb_endmt,5.6774198461965595,-0.40360112066101456
GSE23959_HLHS_ventricle_vs_all_healthy_ventricles_sensitivity,GSE23959,GSM590279,case,AMA,-0.2288471721759495,-0.2288471721759495
GSE23959_HLHS_ventricle_vs_all_healthy_ventricles_sensitivity,GSE23959,GSM590280,case,AMA,0.6303084633602075,0.6303084633602075
GSE23959_HLHS_ventricle_vs_all_healthy_ventricles_sensitivity,GSE23959,GSM590281,case,AMA,0.1756125082608453,0.1756125082608453
GSE23959_HLHS_ventricle_vs_all_healthy_ventricles_sensitivity,GSE23959,GSM590282,case,AMA,-0.54433820535935,-0.54433820535935
GSE23959_HLHS_ventricle_vs_all_healthy_ventricles_sensitivity,GSE23959,GSM590283,case,AMA,0.5767435115110288,0.5767435115110288
GSE23959_HLHS_ventricle_vs_all_healthy_ventricles_sensitivity,GSE23959,GSM590284,case,AMA,0.27007115706286894,0.27007115706286894
GSE23959_HLHS_ventricle_vs_all_healthy_ventricles_sensitivity,GSE23959,GSM590269,control,AMA,0.1276821746372436,0.1276821746372436
GSE23959_HLHS_ventricle_vs_all_healthy_ventricles_sensitivity,GSE23959,GSM590270,control,AMA,-1.3202241918691002,-1.3202241918691002
GSE23959_HLHS_ventricle_vs_all_healthy_ventricles_sensitivity,GSE23959,GSM590271,control,AMA,0.16510188036210713,0.16510188036210713
GSE23959_HLHS_ventricle_vs_all_healthy_ventricles_sensitivity,GSE23959,GSM590272,control,AMA,1.072595982590015,1.072595982590015
GSE23959_HLHS_ventricle_vs_all_healthy_ventricles_sensitivity,GSE23959,GSM590273,control,AMA,0.6211721348377545,0.6211721348377545
GSE23959_HLHS_ventricle_vs_all_healthy_ventricles_sensitivity,GSE23959,GSM590274,control,AMA,-0.01777082808636976,-0.01777082808636976
GSE23959_HLHS_ventricle_vs_all_healthy_ventricles_sensitivity,GSE23959,GSM590275,control,AMA,-1.2551074939880393,-1.2551074939880393
GSE23959_HLHS_ventricle_vs_all_healthy_ventricles_sensitivity,GSE23959,GSM590276,control,AMA,-0.776743103644938,-0.776743103644938
GSE23959_HLHS_ventricle_vs_all_healthy_ventricles_sensitivity,GSE23959,GSM590277,control,AMA,1.0485778547407654,1.0485778547407654
GSE23959_HLHS_ventricle_vs_all_healthy_ventricles_sensitivity,GSE23959,GSM590278,control,AMA,0.33471559042056054,0.33471559042056054
